Time,S(t)
0.000000000000000000e+00	9.759317355108241276e-01
3.517587939698492705e-01	5.949476388588655906e-01
7.035175879396985410e-01	-1.252521707776346194e-01
1.055276381909547867e+00	-5.197879435988796981e-01
1.407035175879397082e+00	-3.812749049677418012e-01
1.783919597989949812e+00	-1.384339386984730080e-01
2.135678391959799249e+00	1.801428315234497313e-01
2.487437185929648464e+00	1.603570783878691675e-01
2.839195979899497679e+00	8.094165470296951770e-02
3.190954773869346894e+00	-1.177669616001330438e-02
3.567839195979899625e+00	-8.294592481787496641e-02
3.919597989949748840e+00	-9.088120102410091050e-02
4.271356783919598499e+00	-3.137828864723805899e-02
4.623115577889447714e+00	2.530630067920501547e-02
5.000000000000000000e+00	-2.848952699929317711e-03
